{
  "generatedAt": "2025-11-17T05:29:40.910Z",
  "suite": "ARES Mega Regression Suite",
  "description": "High-word-count narratives for large-scale regression tracking.",
  "targets": {
    "entityPrecision": 0.8,
    "entityRecall": 0.75,
    "relationPrecision": 0.8,
    "relationRecall": 0.75
  },
  "averages": {
    "entityPrecision": 0.3684210526315789,
    "entityRecall": 0.875,
    "entityF1": 0.5185185185185185,
    "relationPrecision": 0.45454545454545453,
    "relationRecall": 0.38461538461538464,
    "relationF1": 0.41666666666666663
  },
  "cases": [
    {
      "id": "mega-001",
      "title": "Emerald Chronicle - Meridian Ridge",
      "words": 933,
      "entityPrecision": 0.3684210526315789,
      "entityRecall": 0.875,
      "relationPrecision": 0.45454545454545453,
      "relationRecall": 0.38461538461538464
    }
  ]
}