{
  "generatedAt": "2025-11-12T00:30:33.949Z",
  "suite": "ARES Mega Regression Suite",
  "description": "High-word-count narratives for large-scale regression tracking.",
  "targets": {
    "entityPrecision": 0.8,
    "entityRecall": 0.75,
    "relationPrecision": 0.8,
    "relationRecall": 0.75
  },
  "averages": {
    "entityPrecision": 0.8888888888888888,
    "entityRecall": 1,
    "entityF1": 0.9411764705882353,
    "relationPrecision": 0.5833333333333334,
    "relationRecall": 0.5384615384615384,
    "relationF1": 0.5599999999999999
  },
  "cases": [
    {
      "id": "mega-001",
      "title": "Emerald Chronicle - Meridian Ridge",
      "words": 933,
      "entityPrecision": 0.8888888888888888,
      "entityRecall": 1,
      "relationPrecision": 0.5833333333333334,
      "relationRecall": 0.5384615384615384
    }
  ]
}